{
    "Affine1": {
        "w": [
            [
                0.9456909791083785,
                -0.23903020663148544,
                1.177810504024179,
                0.7992211775694638,
                0.058002632503470125,
                -0.1852266079970767,
                1.0616446268153825
            ],
            [
                1.1218175818219327,
                -0.15369199046885093,
                -0.08475930550718701,
                1.2120133130157142,
                1.2355476043455995,
                0.19452210079788845,
                0.11123019337989332
            ],
            [
                1.0971117717672887,
                -0.17481916674830944,
                -0.14412310521160854,
                -0.1271348429285725,
                -0.13956689653120458,
                1.5036154084063031,
                1.1178563407721753
            ]
        ],
        "b": [
            -0.2243348192253439,
            0.4325516888179516,
            0.07280383833718959,
            0.042695135971178334,
            0.2708398905919954,
            0.24159745786900236,
            -0.14323896698537
        ]
    }
}